flightboard,POD1008,2020-04-20T05:20:00.000+02:00,'{"info":"scheduled","move":"arrival","flight":"POD1008","airport":"ORY","date":"2020-04-20","time":"11:20","parking":"29"}'
flightboard,CPX1020,2020-04-20T05:25:00.000+02:00,'{"info":"scheduled","move":"arrival","flight":"CPX1020","airport":"DUS","date":"2020-04-20","time":"11:25","parking":"124"}'
flightboard,PNK1032,2020-04-20T05:30:00.000+02:00,'{"info":"scheduled","move":"arrival","flight":"PNK1032","airport":"BSL","date":"2020-04-20","time":"11:30","parking":"43"}'
flightboard,PTF1046,2020-04-20T05:35:00.000+02:00,'{"info":"scheduled","move":"arrival","flight":"PTF1046","airport":"AER","date":"2020-04-20","time":"11:35","parking":"42B"}'
flightboard,PQT1058,2020-04-20T05:55:00.000+02:00,'{"info":"scheduled","move":"arrival","flight":"PQT1058","airport":"MMX","date":"2020-04-20","time":"11:55","parking":"46"}'
flightboard,CXH1066,2020-04-20T06:05:00.000+02:00,'{"info":"scheduled","move":"arrival","flight":"CXH1066","airport":"NAP","date":"2020-04-20","time":"12:05","parking":"116"}'
flightboard,CMA1072,2020-04-20T06:15:00.000+02:00,'{"info":"scheduled","move":"arrival","flight":"CMA1072","airport":"HAM","date":"2020-04-20","time":"12:15","parking":"114"}'
flightboard,PNJ1086,2020-04-20T06:35:00.000+02:00,'{"info":"scheduled","move":"arrival","flight":"PNJ1086","airport":"BSL","date":"2020-04-20","time":"12:35","parking":"20"}'
flightboard,QOD1011,2020-04-20T06:35:00.000+02:00,'{"info":"scheduled","move":"departure","flight":"QOD1011","airport":"BCN","date":"2020-04-20","time":"12:35","parking":"29"}'
flightboard,PNK1096,2020-04-20T06:50:00.000+02:00,'{"info":"scheduled","move":"arrival","flight":"PNK1096","airport":"BRS","date":"2020-04-20","time":"12:50","parking":"25"}'
flightboard,DPX1027,2020-04-20T06:55:00.000+02:00,'{"info":"scheduled","move":"departure","flight":"DPX1027","airport":"BLL","date":"2020-04-20","time":"12:55","parking":"124"}'
flightboard,PNZ1108,2020-04-20T07:10:00.000+02:00,'{"info":"scheduled","move":"arrival","flight":"PNZ1108","airport":"LIN","date":"2020-04-20","time":"13:10","parking":"27"}'
flightboard,QQT1061,2020-04-20T07:10:00.000+02:00,'{"info":"scheduled","move":"departure","flight":"QQT1061","airport":"VRN","date":"2020-04-20","time":"13:10","parking":"46"}'
flightboard,CIA1116,2020-04-20T07:25:00.000+02:00,'{"info":"scheduled","move":"arrival","flight":"CIA1116","airport":"ROV","date":"2020-04-20","time":"13:25","parking":"H8"}'
flightboard,QNK1037,2020-04-20T07:25:00.000+02:00,'{"info":"scheduled","move":"departure","flight":"QNK1037","airport":"BOH","date":"2020-04-20","time":"13:25","parking":"43"}'
flightboard,QTF1051,2020-04-20T07:25:00.000+02:00,'{"info":"scheduled","move":"departure","flight":"QTF1051","airport":"GDN","date":"2020-04-20","time":"13:25","parking":"42B"}'
flightboard,DMA1077,2020-04-20T07:40:00.000+02:00,'{"info":"scheduled","move":"departure","flight":"DMA1077","airport":"LEJ","date":"2020-04-20","time":"13:40","parking":"114"}'
flightboard,PDR1124,2020-04-20T07:45:00.000+02:00,'{"info":"scheduled","move":"arrival","flight":"PDR1124","airport":"BOD","date":"2020-04-20","time":"13:45","parking":"29C"}'
flightboard,DXH1069,2020-04-20T07:45:00.000+02:00,'{"info":"scheduled","move":"departure","flight":"DXH1069","airport":"DTM","date":"2020-04-20","time":"13:45","parking":"116"}'
flightboard,CPE1140,2020-04-20T08:00:00.000+02:00,'{"info":"scheduled","move":"arrival","flight":"CPE1140","airport":"KJA","date":"2020-04-20","time":"14:00","parking":"128"}'
flightboard,QNK1101,2020-04-20T08:05:00.000+02:00,'{"info":"scheduled","move":"departure","flight":"QNK1101","airport":"FFD","date":"2020-04-20","time":"14:05","parking":"25"}'
flightboard,CJJ1156,2020-04-20T08:15:00.000+02:00,'{"info":"scheduled","move":"arrival","flight":"CJJ1156","airport":"NCE","date":"2020-04-20","time":"14:15","parking":"54"}'
flightboard,QNJ1091,2020-04-20T08:15:00.000+02:00,'{"info":"scheduled","move":"departure","flight":"QNJ1091","airport":"SKG","date":"2020-04-20","time":"14:15","parking":"20"}'
flightboard,COP1172,2020-04-20T08:25:00.000+02:00,'{"info":"scheduled","move":"arrival","flight":"COP1172","airport":"MAN","date":"2020-04-20","time":"14:25","parking":"124"}'
flightboard,CJK1192,2020-04-20T08:45:00.000+02:00,'{"info":"scheduled","move":"arrival","flight":"CJK1192","airport":"BGO","date":"2020-04-20","time":"14:45","parking":"G5"}'
flightboard,QNZ1113,2020-04-20T08:45:00.000+02:00,'{"info":"scheduled","move":"departure","flight":"QNZ1113","airport":"OPO","date":"2020-04-20","time":"14:45","parking":"27"}'
flightboard,CYA1210,2020-04-20T09:05:00.000+02:00,'{"info":"scheduled","move":"arrival","flight":"CYA1210","airport":"LGG","date":"2020-04-20","time":"15:05","parking":"K11"}'
flightboard,DIA1119,2020-04-20T09:05:00.000+02:00,'{"info":"scheduled","move":"departure","flight":"DIA1119","airport":"DME","date":"2020-04-20","time":"15:05","parking":"H8"}'
flightboard,QDR1135,2020-04-20T09:05:00.000+02:00,'{"info":"scheduled","move":"departure","flight":"QDR1135","airport":"NCE","date":"2020-04-20","time":"15:05","parking":"29C"}'
flightboard,CQF1222,2020-04-20T09:10:00.000+02:00,'{"info":"scheduled","move":"arrival","flight":"CQF1222","airport":"ORY","date":"2020-04-20","time":"15:10","parking":"118"}'
flightboard,CSX1244,2020-04-20T09:15:00.000+02:00,'{"info":"scheduled","move":"arrival","flight":"CSX1244","airport":"WAW","date":"2020-04-20","time":"15:15","parking":"H7"}'
flightboard,CUT1254,2020-04-20T09:20:00.000+02:00,'{"info":"scheduled","move":"arrival","flight":"CUT1254","airport":"AMS","date":"2020-04-20","time":"15:20","parking":"116"}'
flightboard,DPE1149,2020-04-20T09:25:00.000+02:00,'{"info":"scheduled","move":"departure","flight":"DPE1149","airport":"BFS","date":"2020-04-20","time":"15:25","parking":"128"}'
flightboard,DOP1183,2020-04-20T09:35:00.000+02:00,'{"info":"scheduled","move":"departure","flight":"DOP1183","airport":"HER","date":"2020-04-20","time":"15:35","parking":"124"}'
flightboard,PVF1268,2020-04-20T09:40:00.000+02:00,'{"info":"scheduled","move":"arrival","flight":"PVF1268","airport":"LIN","date":"2020-04-20","time":"15:40","parking":"43"}'
flightboard,DJJ1161,2020-04-20T09:50:00.000+02:00,'{"info":"scheduled","move":"departure","flight":"DJJ1161","airport":"OTP","date":"2020-04-20","time":"15:50","parking":"54"}'
flightboard,PDK1282,2020-04-20T09:55:00.000+02:00,'{"info":"scheduled","move":"arrival","flight":"PDK1282","airport":"NCL","date":"2020-04-20","time":"15:55","parking":"41E"}'
flightboard,CUR1296,2020-04-20T10:15:00.000+02:00,'{"info":"scheduled","move":"arrival","flight":"CUR1296","airport":"OTP","date":"2020-04-20","time":"16:15","parking":"128"}'
flightboard,DJK1201,2020-04-20T10:15:00.000+02:00,'{"info":"scheduled","move":"departure","flight":"DJK1201","airport":"HRK","date":"2020-04-20","time":"16:15","parking":"G5"}'
flightboard,CJW1306,2020-04-20T10:20:00.000+02:00,'{"info":"scheduled","move":"arrival","flight":"CJW1306","airport":"HAJ","date":"2020-04-20","time":"16:20","parking":"124"}'
flightboard,DYA1221,2020-04-20T10:25:00.000+02:00,'{"info":"scheduled","move":"departure","flight":"DYA1221","airport":"ODS","date":"2020-04-20","time":"16:25","parking":"K11"}'
flightboard,PPP1320,2020-04-20T10:30:00.000+02:00,'{"info":"scheduled","move":"arrival","flight":"PPP1320","airport":"PSA","date":"2020-04-20","time":"16:30","parking":"29D"}'
flightboard,PNK1032,2020-04-20T10:42:35.673+02:00,'{"info":"planned","move":"arrival","flight":"PNK1032","airport":"BSL","date":"20/04","time":"11:48","parking":"43"}'
flightboard,POD1008,2020-04-20T10:44:35.673+02:00,'{"info":"planned","move":"arrival","flight":"POD1008","airport":"ORY","date":"20/04","time":"11:30","parking":"29"}'
flightboard,PKU1326,2020-04-20T10:45:00.000+02:00,'{"info":"scheduled","move":"arrival","flight":"PKU1326","airport":"NWI","date":"2020-04-20","time":"16:45","parking":"29"}'
flightboard,CPX1020,2020-04-20T10:48:04.606+02:00,'{"info":"planned","move":"arrival","flight":"CPX1020","airport":"DUS","date":"20/04","time":"12:06","parking":"124"}'
flightboard,DUT1261,2020-04-20T10:50:00.000+02:00,'{"info":"scheduled","move":"departure","flight":"DUT1261","airport":"EMA","date":"2020-04-20","time":"16:50","parking":"116"}'
flightboard,PBL1340,2020-04-20T11:00:00.000+02:00,'{"info":"scheduled","move":"arrival","flight":"PBL1340","airport":"KZN","date":"2020-04-20","time":"17:00","parking":"27"}'
flightboard,PMK1356,2020-04-20T11:05:00.000+02:00,'{"info":"scheduled","move":"arrival","flight":"PMK1356","airport":"BRS","date":"2020-04-20","time":"17:05","parking":"29C"}'
flightboard,DQF1233,2020-04-20T11:05:00.000+02:00,'{"info":"scheduled","move":"departure","flight":"DQF1233","airport":"ABZ","date":"2020-04-20","time":"17:05","parking":"118"}'
flightboard,DSX1251,2020-04-20T11:10:00.000+02:00,'{"info":"scheduled","move":"departure","flight":"DSX1251","airport":"VAR","date":"2020-04-20","time":"17:10","parking":"H7"}'
flightboard,QDK1291,2020-04-20T11:10:00.000+02:00,'{"info":"scheduled","move":"departure","flight":"QDK1291","airport":"ORY","date":"2020-04-20","time":"17:10","parking":"41E"}'
flightboard,PQT1058,2020-04-20T11:14:35.273+02:00,'{"info":"planned","move":"arrival","flight":"PQT1058","airport":"MMX","date":"20/04","time":"12:24","parking":"46"}'
flightboard,CZY1372,2020-04-20T11:15:00.000+02:00,'{"info":"scheduled","move":"arrival","flight":"CZY1372","airport":"BOJ","date":"2020-04-20","time":"17:15","parking":"53E"}'
flightboard,CUQ1380,2020-04-20T11:20:00.000+02:00,'{"info":"scheduled","move":"arrival","flight":"CUQ1380","airport":"EIN","date":"2020-04-20","time":"17:20","parking":"60E"}'
flightboard,PTF1046,2020-04-20T11:21:01.397+02:00,'{"info":"planned","move":"arrival","flight":"PTF1046","airport":"AER","date":"20/04","time":"12:19","parking":"42B"}'
flightboard,QVF1273,2020-04-20T11:30:00.000+02:00,'{"info":"scheduled","move":"departure","flight":"QVF1273","airport":"GRV","date":"2020-04-20","time":"17:30","parking":"43"}'
flightboard,QOD1011,2020-04-20T11:37:00.000+02:00,'{"info":"planned","move":"departure","flight":"QOD1011","airport":"BCN","date":"20/04","time":"12:52","parking":"29"}'
flightboard,POD1008,2020-04-20T11:37:00.094+02:00,'{"info":"actual","move":"arrival","flight":"POD1008","airport":"ORY","date":"20/04","time":"11:37","parking":"29"}'
flightboard,CKV1390,2020-04-20T11:40:00.000+02:00,'{"info":"scheduled","move":"arrival","flight":"CKV1390","airport":"BFS","date":"2020-04-20","time":"17:40","parking":"112"}'
parking,29,2020-04-20T11:41:35.673+02:00,'{"info":"parking","move":"busy","flight":"POD1008","airport":"ORY","parking":"29"}'
flightboard,QNK1037,2020-04-20T11:42:00.000+02:00,'{"info":"planned","move":"departure","flight":"QNK1037","airport":"BOH","date":"20/04","time":"13:37","parking":"43"}'
flightboard,PNK1032,2020-04-20T11:42:00.094+02:00,'{"info":"actual","move":"arrival","flight":"PNK1032","airport":"BSL","date":"20/04","time":"11:42","parking":"43"}'
parking,43,2020-04-20T11:46:05.673+02:00,'{"info":"parking","move":"busy","flight":"PNK1032","airport":"BSL","parking":"43"}'
flightboard,PNJ1086,2020-04-20T11:46:36.593+02:00,'{"info":"planned","move":"arrival","flight":"PNJ1086","airport":"BSL","date":"20/04","time":"12:47","parking":"20"}'
flightboard,CMA1072,2020-04-20T11:51:01.397+02:00,'{"info":"planned","move":"arrival","flight":"CMA1072","airport":"HAM","date":"20/04","time":"12:56","parking":"114"}'
flightboard,CXH1066,2020-04-20T11:52:00.087+02:00,'{"info":"planned","move":"arrival","flight":"CXH1066","airport":"NAP","date":"20/04","time":"12:59","parking":"116"}'
flightboard,PQA1404,2020-04-20T11:55:00.000+02:00,'{"info":"scheduled","move":"arrival","flight":"PQA1404","airport":"HRK","date":"2020-04-20","time":"17:55","parking":"24"}'
flightboard,DUR1303,2020-04-20T11:55:00.000+02:00,'{"info":"scheduled","move":"departure","flight":"DUR1303","airport":"KRK","date":"2020-04-20","time":"17:55","parking":"128"}'
flightboard,DPX1027,2020-04-20T11:57:00.000+02:00,'{"info":"planned","move":"departure","flight":"DPX1027","airport":"BLL","date":"20/04","time":"13:27","parking":"124"}'
flightboard,CPX1020,2020-04-20T11:57:00.094+02:00,'{"info":"actual","move":"arrival","flight":"CPX1020","airport":"DUS","date":"20/04","time":"11:57","parking":"124"}'
flightboard,PNZ1108,2020-04-20T11:57:30.559+02:00,'{"info":"planned","move":"arrival","flight":"PNZ1108","airport":"LIN","date":"20/04","time":"12:49","parking":"27"}'
parking,124,2020-04-20T11:58:34.606+02:00,'{"info":"parking","move":"busy","flight":"CPX1020","airport":"DUS","parking":"124"}'
flightboard,DJW1311,2020-04-20T12:00:00.000+02:00,'{"info":"scheduled","move":"departure","flight":"DJW1311","airport":"DME","date":"2020-04-20","time":"18:00","parking":"124"}'
flightboard,PJZ1416,2020-04-20T12:05:00.000+02:00,'{"info":"scheduled","move":"arrival","flight":"PJZ1416","airport":"FAO","date":"2020-04-20","time":"18:05","parking":"29D"}'
flightboard,CIX1432,2020-04-20T12:10:00.000+02:00,'{"info":"scheduled","move":"arrival","flight":"CIX1432","airport":"KZN","date":"2020-04-20","time":"18:10","parking":"63"}'
flightboard,QPP1323,2020-04-20T12:10:00.000+02:00,'{"info":"scheduled","move":"departure","flight":"QPP1323","airport":"FCO","date":"2020-04-20","time":"18:10","parking":"29D"}'
flightboard,PNK1096,2020-04-20T12:12:35.106+02:00,'{"info":"planned","move":"arrival","flight":"PNK1096","airport":"BRS","date":"20/04","time":"13:21","parking":"25"}'
flightboard,CGA1446,2020-04-20T12:15:00.000+02:00,'{"info":"scheduled","move":"arrival","flight":"CGA1446","airport":"PDL","date":"2020-04-20","time":"18:15","parking":"K14"}'
flightboard,QKU1337,2020-04-20T12:15:00.000+02:00,'{"info":"scheduled","move":"departure","flight":"QKU1337","airport":"SKP","date":"2020-04-20","time":"18:15","parking":"29"}'
flightboard,QOD1011,2020-04-20T12:19:00.000+02:00,'{"info":"planned","move":"departure","flight":"QOD1011","airport":"BCN","date":"20/04","time":"13:01","parking":"29"}'
flightboard,QQT1061,2020-04-20T12:19:00.000+02:00,'{"info":"planned","move":"departure","flight":"QQT1061","airport":"VRN","date":"20/04","time":"13:34","parking":"46"}'
flightboard,PQT1058,2020-04-20T12:19:00.094+02:00,'{"info":"actual","move":"arrival","flight":"PQT1058","airport":"MMX","date":"20/04","time":"12:19","parking":"46"}'
flightboard,PIN1458,2020-04-20T12:20:00.000+02:00,'{"info":"scheduled","move":"arrival","flight":"PIN1458","airport":"TIA","date":"2020-04-20","time":"18:20","parking":"41E"}'
flightboard,QBL1345,2020-04-20T12:20:00.000+02:00,'{"info":"scheduled","move":"departure","flight":"QBL1345","airport":"KTW","date":"2020-04-20","time":"18:20","parking":"27"}'
flightboard,CIA1116,2020-04-20T12:20:04.037+02:00,'{"info":"planned","move":"arrival","flight":"CIA1116","airport":"ROV","date":"20/04","time":"13:40","parking":"H8"}'
flightboard,QTF1051,2020-04-20T12:22:00.000+02:00,'{"info":"planned","move":"departure","flight":"QTF1051","airport":"GDN","date":"20/04","time":"14:12","parking":"42B"}'
flightboard,PTF1046,2020-04-20T12:22:00.038+02:00,'{"info":"actual","move":"arrival","flight":"PTF1046","airport":"AER","date":"20/04","time":"12:22","parking":"42B"}'
parking,46,2020-04-20T12:22:35.273+02:00,'{"info":"parking","move":"busy","flight":"PQT1058","airport":"MMX","parking":"46"}'
flightboard,PWV1468,2020-04-20T12:25:00.000+02:00,'{"info":"scheduled","move":"arrival","flight":"PWV1468","airport":"FFD","date":"2020-04-20","time":"18:25","parking":"21"}'
parking,42B,2020-04-20T12:27:31.397+02:00,'{"info":"parking","move":"busy","flight":"PTF1046","airport":"AER","parking":"42B"}'
flightboard,DUQ1383,2020-04-20T12:40:00.000+02:00,'{"info":"scheduled","move":"departure","flight":"DUQ1383","airport":"DME","date":"2020-04-20","time":"18:40","parking":"60E"}'
flightboard,QNK1037,2020-04-20T12:41:00.000+02:00,'{"info":"planned","move":"departure","flight":"QNK1037","airport":"BOH","date":"20/04","time":"13:31","parking":"43"}'
flightboard,PQU1478,2020-04-20T12:45:00.000+02:00,'{"info":"scheduled","move":"arrival","flight":"PQU1478","airport":"STN","date":"2020-04-20","time":"18:45","parking":"41E"}'
flightboard,QMK1367,2020-04-20T12:50:00.000+02:00,'{"info":"scheduled","move":"departure","flight":"QMK1367","airport":"KTW","date":"2020-04-20","time":"18:50","parking":"29C"}'
flightboard,DMA1077,2020-04-20T12:51:00.000+02:00,'{"info":"planned","move":"departure","flight":"DMA1077","airport":"LEJ","date":"20/04","time":"14:16","parking":"114"}'
flightboard,DXH1069,2020-04-20T12:51:00.000+02:00,'{"info":"planned","move":"departure","flight":"DXH1069","airport":"DTM","date":"20/04","time":"14:31","parking":"116"}'
flightboard,CMA1072,2020-04-20T12:51:00.038+02:00,'{"info":"actual","move":"arrival","flight":"CMA1072","airport":"HAM","date":"20/04","time":"12:51","parking":"114"}'
flightboard,CXH1066,2020-04-20T12:51:00.094+02:00,'{"info":"actual","move":"arrival","flight":"CXH1066","airport":"NAP","date":"20/04","time":"12:51","parking":"116"}'
parking,114,2020-04-20T12:52:31.397+02:00,'{"info":"parking","move":"busy","flight":"CMA1072","airport":"HAM","parking":"114"}'
flightboard,DPX1027,2020-04-20T12:53:00.000+02:00,'{"info":"planned","move":"departure","flight":"DPX1027","airport":"BLL","date":"20/04","time":"13:41","parking":"124"}'
parking,116,2020-04-20T12:53:30.087+02:00,'{"info":"parking","move":"busy","flight":"CXH1066","airport":"NAP","parking":"116"}'
flightboard,QNJ1091,2020-04-20T12:55:00.000+02:00,'{"info":"planned","move":"departure","flight":"QNJ1091","airport":"SKG","date":"20/04","time":"14:35","parking":"20"}'
flightboard,CEM1490,2020-04-20T12:55:00.000+02:00,'{"info":"scheduled","move":"arrival","flight":"CEM1490","airport":"POZ","date":"2020-04-20","time":"18:55","parking":"128"}'
flightboard,PNJ1086,2020-04-20T12:55:00.038+02:00,'{"info":"actual","move":"arrival","flight":"PNJ1086","airport":"BSL","date":"20/04","time":"12:55","parking":"20"}'
flightboard,PNZ1108,2020-04-20T12:56:00.094+02:00,'{"info":"actual","move":"arrival","flight":"PNZ1108","airport":"LIN","date":"20/04","time":"12:56","parking":"27"}'
flightboard,CPE1140,2020-04-20T12:59:03.372+02:00,'{"info":"planned","move":"arrival","flight":"CPE1140","airport":"KJA","date":"20/04","time":"13:59","parking":"128"}'
parking,27,2020-04-20T13:00:30.559+02:00,'{"info":"parking","move":"busy","flight":"PNZ1108","airport":"LIN","parking":"27"}'
parking,20,2020-04-20T13:01:36.593+02:00,'{"info":"parking","move":"busy","flight":"PNJ1086","airport":"BSL","parking":"20"}'
flightboard,QQT1061,2020-04-20T13:06:00.000+02:00,'{"info":"planned","move":"departure","flight":"QQT1061","airport":"VRN","date":"20/04","time":"13:54","parking":"46"}'
flightboard,QOD1011,2020-04-20T13:09:00.000+02:00,'{"info":"actual","move":"departure","flight":"QOD1011","airport":"BCN","date":"20/04","time":"13:09","parking":"29"}'
parking,29,2020-04-20T13:09:00.000+02:00,'{"info":"parking","move":"available","flight":"QOD1011","airport":"BCN","parking":"29"}'
flightboard,DZY1375,2020-04-20T13:10:00.000+02:00,'{"info":"scheduled","move":"departure","flight":"DZY1375","airport":"BUD","date":"2020-04-20","time":"19:10","parking":"53E"}'
flightboard,CJJ1156,2020-04-20T13:13:03.903+02:00,'{"info":"planned","move":"arrival","flight":"CJJ1156","airport":"NCE","date":"20/04","time":"14:27","parking":"54"}'
flightboard,PZE1508,2020-04-20T13:15:00.000+02:00,'{"info":"scheduled","move":"arrival","flight":"PZE1508","airport":"TXL","date":"2020-04-20","time":"19:15","parking":"42C"}'
flightboard,QQA1409,2020-04-20T13:20:00.000+02:00,'{"info":"scheduled","move":"departure","flight":"QQA1409","airport":"BLQ","date":"2020-04-20","time":"19:20","parking":"24"}'
flightboard,QNK1101,2020-04-20T13:22:00.000+02:00,'{"info":"planned","move":"departure","flight":"QNK1101","airport":"FFD","date":"20/04","time":"14:37","parking":"25"}'
flightboard,PNK1096,2020-04-20T13:22:00.094+02:00,'{"info":"actual","move":"arrival","flight":"PNK1096","airport":"BRS","date":"20/04","time":"13:22","parking":"25"}'
flightboard,PDR1124,2020-04-20T13:25:03.277+02:00,'{"info":"planned","move":"arrival","flight":"PDR1124","airport":"BOD","date":"20/04","time":"14:28","parking":"29C"}'
parking,25,2020-04-20T13:27:05.106+02:00,'{"info":"parking","move":"busy","flight":"PNK1096","airport":"BRS","parking":"25"}'
flightboard,QTF1051,2020-04-20T13:28:00.000+02:00,'{"info":"planned","move":"departure","flight":"QTF1051","airport":"GDN","date":"20/04","time":"14:24","parking":"42B"}'
flightboard,DXH1069,2020-04-20T13:30:00.000+02:00,'{"info":"planned","move":"departure","flight":"DXH1069","airport":"DTM","date":"20/04","time":"14:26","parking":"116"}'
flightboard,DKV1401,2020-04-20T13:30:00.000+02:00,'{"info":"scheduled","move":"departure","flight":"DKV1401","airport":"PRN","date":"2020-04-20","time":"19:30","parking":"112"}'
flightboard,QJZ1423,2020-04-20T13:30:00.000+02:00,'{"info":"scheduled","move":"departure","flight":"QJZ1423","airport":"UFA","date":"2020-04-20","time":"19:30","parking":"29D"}'
flightboard,DIA1119,2020-04-20T13:31:00.000+02:00,'{"info":"planned","move":"departure","flight":"DIA1119","airport":"DME","date":"20/04","time":"15:11","parking":"H8"}'
flightboard,CIA1116,2020-04-20T13:31:00.038+02:00,'{"info":"actual","move":"arrival","flight":"CIA1116","airport":"ROV","date":"20/04","time":"13:31","parking":"H8"}'
parking,H8,2020-04-20T13:34:34.037+02:00,'{"info":"parking","move":"busy","flight":"CIA1116","airport":"ROV","parking":"H8"}'
flightboard,DPX1027,2020-04-20T13:35:00.000+02:00,'{"info":"actual","move":"departure","flight":"DPX1027","airport":"BLL","date":"20/04","time":"13:35","parking":"124"}'
parking,124,2020-04-20T13:35:00.000+02:00,'{"info":"parking","move":"available","flight":"DPX1027","airport":"BLL","parking":"124"}'
flightboard,QNK1101,2020-04-20T13:37:00.000+02:00,'{"info":"planned","move":"departure","flight":"QNK1101","airport":"FFD","date":"20/04","time":"14:28","parking":"25"}'
flightboard,QNK1037,2020-04-20T13:39:00.000+02:00,'{"info":"actual","move":"departure","flight":"QNK1037","airport":"BOH","date":"20/04","time":"13:39","parking":"43"}'
parking,43,2020-04-20T13:39:00.000+02:00,'{"info":"parking","move":"available","flight":"QNK1037","airport":"BOH","parking":"43"}'
flightboard,DMA1077,2020-04-20T13:43:00.000+02:00,'{"info":"planned","move":"departure","flight":"DMA1077","airport":"LEJ","date":"20/04","time":"14:26","parking":"114"}'
flightboard,CYA1210,2020-04-20T13:43:35.106+02:00,'{"info":"planned","move":"arrival","flight":"CYA1210","airport":"LGG","date":"20/04","time":"14:57","parking":"K11"}'
flightboard,QNJ1091,2020-04-20T13:48:00.000+02:00,'{"info":"planned","move":"departure","flight":"QNJ1091","airport":"SKG","date":"20/04","time":"14:50","parking":"20"}'
flightboard,CJK1192,2020-04-20T13:48:38.416+02:00,'{"info":"planned","move":"arrival","flight":"CJK1192","airport":"BGO","date":"20/04","time":"15:03","parking":"G5"}'
flightboard,CPE1140,2020-04-20T13:53:00.038+02:00,'{"info":"actual","move":"arrival","flight":"CPE1140","airport":"KJA","date":"20/04","time":"13:53","parking":"128"}'
flightboard,COP1172,2020-04-20T13:55:03.372+02:00,'{"info":"planned","move":"arrival","flight":"COP1172","airport":"MAN","date":"20/04","time":"15:08","parking":"124"}'
parking,128,2020-04-20T13:55:33.372+02:00,'{"info":"parking","move":"busy","flight":"CPE1140","airport":"KJA","parking":"128"}'
flightboard,QQT1061,2020-04-20T14:00:00.000+02:00,'{"info":"actual","move":"departure","flight":"QQT1061","airport":"VRN","date":"20/04","time":"14:00","parking":"46"}'
parking,46,2020-04-20T14:00:00.000+02:00,'{"info":"parking","move":"available","flight":"QQT1061","airport":"VRN","parking":"46"}'
flightboard,QQU1489,2020-04-20T14:00:00.000+02:00,'{"info":"scheduled","move":"departure","flight":"QQU1489","airport":"POZ","date":"2020-04-20","time":"20:00","parking":"41E"}'
flightboard,CUT1254,2020-04-20T14:03:03.903+02:00,'{"info":"planned","move":"arrival","flight":"CUT1254","airport":"AMS","date":"20/04","time":"15:10","parking":"116"}'
flightboard,DGA1451,2020-04-20T14:05:00.000+02:00,'{"info":"scheduled","move":"departure","flight":"DGA1451","airport":"BOD","date":"2020-04-20","time":"20:05","parking":"K14"}'
flightboard,DIX1441,2020-04-20T14:05:00.000+02:00,'{"info":"scheduled","move":"departure","flight":"DIX1441","airport":"BOH","date":"2020-04-20","time":"20:05","parking":"63"}'
flightboard,DEM1499,2020-04-20T14:15:00.000+02:00,'{"info":"scheduled","move":"departure","flight":"DEM1499","airport":"GOT","date":"2020-04-20","time":"20:15","parking":"128"}'
flightboard,QIN1461,2020-04-20T14:15:00.000+02:00,'{"info":"scheduled","move":"departure","flight":"QIN1461","airport":"BLL","date":"2020-04-20","time":"20:15","parking":"41E"}'
flightboard,QWV1477,2020-04-20T14:15:00.000+02:00,'{"info":"scheduled","move":"departure","flight":"QWV1477","airport":"MHZ","date":"2020-04-20","time":"20:15","parking":"21"}'
flightboard,QNZ1113,2020-04-20T14:20:00.000+02:00,'{"info":"planned","move":"departure","flight":"QNZ1113","airport":"OPO","date":"20/04","time":"15:04","parking":"27"}'
flightboard,DJJ1161,2020-04-20T14:21:00.000+02:00,'{"info":"planned","move":"departure","flight":"DJJ1161","airport":"OTP","date":"20/04","time":"15:56","parking":"54"}'
flightboard,QDR1135,2020-04-20T14:21:00.000+02:00,'{"info":"planned","move":"departure","flight":"QDR1135","airport":"NCE","date":"20/04","time":"15:41","parking":"29C"}'
flightboard,CJJ1156,2020-04-20T14:21:00.038+02:00,'{"info":"actual","move":"arrival","flight":"CJJ1156","airport":"NCE","date":"20/04","time":"14:21","parking":"54"}'
flightboard,PDR1124,2020-04-20T14:21:00.038+02:00,'{"info":"actual","move":"arrival","flight":"PDR1124","airport":"BOD","date":"20/04","time":"14:21","parking":"29C"}'
flightboard,CSX1244,2020-04-20T14:22:30.559+02:00,'{"info":"planned","move":"arrival","flight":"CSX1244","airport":"WAW","date":"20/04","time":"15:39","parking":"H7"}'
flightboard,QTF1051,2020-04-20T14:24:00.000+02:00,'{"info":"actual","move":"departure","flight":"QTF1051","airport":"GDN","date":"20/04","time":"14:24","parking":"42B"}'
parking,42B,2020-04-20T14:24:00.000+02:00,'{"info":"parking","move":"available","flight":"QTF1051","airport":"GDN","parking":"42B"}'
parking,54,2020-04-20T14:25:33.903+02:00,'{"info":"parking","move":"busy","flight":"CJJ1156","airport":"NCE","parking":"54"}'
flightboard,DXH1069,2020-04-20T14:26:00.000+02:00,'{"info":"actual","move":"departure","flight":"DXH1069","airport":"DTM","date":"20/04","time":"14:26","parking":"116"}'
parking,116,2020-04-20T14:26:00.000+02:00,'{"info":"parking","move":"available","flight":"DXH1069","airport":"DTM","parking":"116"}'
parking,29C,2020-04-20T14:26:33.277+02:00,'{"info":"parking","move":"busy","flight":"PDR1124","airport":"BOD","parking":"29C"}'
flightboard,QNK1101,2020-04-20T14:28:00.000+02:00,'{"info":"actual","move":"departure","flight":"QNK1101","airport":"FFD","date":"20/04","time":"14:28","parking":"25"}'
parking,25,2020-04-20T14:28:00.000+02:00,'{"info":"parking","move":"available","flight":"QNK1101","airport":"FFD","parking":"25"}'
flightboard,DMA1077,2020-04-20T14:30:00.000+02:00,'{"info":"actual","move":"departure","flight":"DMA1077","airport":"LEJ","date":"20/04","time":"14:30","parking":"114"}'
parking,114,2020-04-20T14:30:00.000+02:00,'{"info":"parking","move":"available","flight":"DMA1077","airport":"LEJ","parking":"114"}'
flightboard,DIA1119,2020-04-20T14:34:00.000+02:00,'{"info":"planned","move":"departure","flight":"DIA1119","airport":"DME","date":"20/04","time":"15:13","parking":"H8"}'
flightboard,DPE1149,2020-04-20T14:45:00.000+02:00,'{"info":"planned","move":"departure","flight":"DPE1149","airport":"BFS","date":"20/04","time":"15:22","parking":"128"}'
flightboard,QZE1513,2020-04-20T14:45:00.000+02:00,'{"info":"scheduled","move":"departure","flight":"QZE1513","airport":"EXT","date":"2020-04-20","time":"20:45","parking":"42C"}'
flightboard,QNJ1091,2020-04-20T14:48:00.000+02:00,'{"info":"actual","move":"departure","flight":"QNJ1091","airport":"SKG","date":"20/04","time":"14:48","parking":"20"}'
parking,20,2020-04-20T14:48:00.000+02:00,'{"info":"parking","move":"available","flight":"QNJ1091","airport":"SKG","parking":"20"}'
flightboard,CYA1210,2020-04-20T14:48:00.094+02:00,'{"info":"actual","move":"arrival","flight":"CYA1210","airport":"LGG","date":"20/04","time":"14:48","parking":"K11"}'
parking,K11,2020-04-20T14:50:05.106+02:00,'{"info":"parking","move":"busy","flight":"CYA1210","airport":"LGG","parking":"K11"}'
flightboard,PDK1282,2020-04-20T14:55:03.903+02:00,'{"info":"planned","move":"arrival","flight":"PDK1282","airport":"NCL","date":"20/04","time":"15:57","parking":"41E"}'
flightboard,QNZ1113,2020-04-20T15:01:00.000+02:00,'{"info":"actual","move":"departure","flight":"QNZ1113","airport":"OPO","date":"20/04","time":"15:01","parking":"27"}'
parking,27,2020-04-20T15:01:00.000+02:00,'{"info":"parking","move":"available","flight":"QNZ1113","airport":"OPO","parking":"27"}'
flightboard,QDR1135,2020-04-20T15:01:00.000+02:00,'{"info":"planned","move":"departure","flight":"QDR1135","airport":"NCE","date":"20/04","time":"15:59","parking":"29C"}'
flightboard,DOP1183,2020-04-20T15:02:00.000+02:00,'{"info":"planned","move":"departure","flight":"DOP1183","airport":"HER","date":"20/04","time":"16:12","parking":"124"}'
flightboard,COP1172,2020-04-20T15:02:00.038+02:00,'{"info":"actual","move":"arrival","flight":"COP1172","airport":"MAN","date":"20/04","time":"15:02","parking":"124"}'
flightboard,CUT1254,2020-04-20T15:03:00.038+02:00,'{"info":"actual","move":"arrival","flight":"CUT1254","airport":"AMS","date":"20/04","time":"15:03","parking":"116"}'
flightboard,CQF1222,2020-04-20T15:03:35.867+02:00,'{"info":"planned","move":"arrival","flight":"CQF1222","airport":"ORY","date":"20/04","time":"16:06","parking":"118"}'
parking,124,2020-04-20T15:04:03.372+02:00,'{"info":"parking","move":"busy","flight":"COP1172","airport":"MAN","parking":"124"}'
parking,116,2020-04-20T15:04:33.903+02:00,'{"info":"parking","move":"busy","flight":"CUT1254","airport":"AMS","parking":"116"}'
flightboard,PVF1268,2020-04-20T15:06:05.254+02:00,'{"info":"planned","move":"arrival","flight":"PVF1268","airport":"LIN","date":"20/04","time":"16:05","parking":"43"}'
flightboard,CUR1296,2020-04-20T15:08:03.903+02:00,'{"info":"planned","move":"arrival","flight":"CUR1296","airport":"OTP","date":"20/04","time":"16:17","parking":"128"}'
flightboard,CJW1306,2020-04-20T15:10:35.273+02:00,'{"info":"planned","move":"arrival","flight":"CJW1306","airport":"HAJ","date":"20/04","time":"16:29","parking":"124"}'
flightboard,DJK1201,2020-04-20T15:11:00.000+02:00,'{"info":"planned","move":"departure","flight":"DJK1201","airport":"HRK","date":"20/04","time":"16:41","parking":"G5"}'
flightboard,CJK1192,2020-04-20T15:11:00.094+02:00,'{"info":"actual","move":"arrival","flight":"CJK1192","airport":"BGO","date":"20/04","time":"15:11","parking":"G5"}'
parking,G5,2020-04-20T15:13:08.416+02:00,'{"info":"parking","move":"busy","flight":"CJK1192","airport":"BGO","parking":"G5"}'
flightboard,DIA1119,2020-04-20T15:15:00.000+02:00,'{"info":"actual","move":"departure","flight":"DIA1119","airport":"DME","date":"20/04","time":"15:15","parking":"H8"}'
parking,H8,2020-04-20T15:15:00.000+02:00,'{"info":"parking","move":"available","flight":"DIA1119","airport":"DME","parking":"H8"}'
flightboard,DPE1149,2020-04-20T15:31:00.000+02:00,'{"info":"actual","move":"departure","flight":"DPE1149","airport":"BFS","date":"20/04","time":"15:31","parking":"128"}'
parking,128,2020-04-20T15:31:00.000+02:00,'{"info":"parking","move":"available","flight":"DPE1149","airport":"BFS","parking":"128"}'
flightboard,DYA1221,2020-04-20T15:33:00.000+02:00,'{"info":"planned","move":"departure","flight":"DYA1221","airport":"ODS","date":"20/04","time":"16:27","parking":"K11"}'
flightboard,DJJ1161,2020-04-20T15:38:00.000+02:00,'{"info":"planned","move":"departure","flight":"DJJ1161","airport":"OTP","date":"20/04","time":"16:15","parking":"54"}'
flightboard,DSX1251,2020-04-20T15:38:00.000+02:00,'{"info":"planned","move":"departure","flight":"DSX1251","airport":"VAR","date":"20/04","time":"17:33","parking":"H7"}'
flightboard,CSX1244,2020-04-20T15:38:00.094+02:00,'{"info":"actual","move":"arrival","flight":"CSX1244","airport":"WAW","date":"20/04","time":"15:38","parking":"H7"}'
parking,H7,2020-04-20T15:40:30.559+02:00,'{"info":"parking","move":"busy","flight":"CSX1244","airport":"WAW","parking":"H7"}'
flightboard,PMK1356,2020-04-20T15:52:38.416+02:00,'{"info":"planned","move":"arrival","flight":"PMK1356","airport":"BRS","date":"20/04","time":"17:10","parking":"29C"}'
flightboard,PPP1320,2020-04-20T15:53:01.397+02:00,'{"info":"planned","move":"arrival","flight":"PPP1320","airport":"PSA","date":"20/04","time":"16:55","parking":"29D"}'
flightboard,DQF1233,2020-04-20T15:57:00.000+02:00,'{"info":"planned","move":"departure","flight":"DQF1233","airport":"ABZ","date":"20/04","time":"17:52","parking":"118"}'
flightboard,QDK1291,2020-04-20T15:57:00.000+02:00,'{"info":"planned","move":"departure","flight":"QDK1291","airport":"ORY","date":"20/04","time":"17:12","parking":"41E"}'
flightboard,CQF1222,2020-04-20T15:57:00.038+02:00,'{"info":"actual","move":"arrival","flight":"CQF1222","airport":"ORY","date":"20/04","time":"15:57","parking":"118"}'
flightboard,PDK1282,2020-04-20T15:57:00.038+02:00,'{"info":"actual","move":"arrival","flight":"PDK1282","airport":"NCL","date":"20/04","time":"15:57","parking":"41E"}'
parking,118,2020-04-20T15:58:35.867+02:00,'{"info":"parking","move":"busy","flight":"CQF1222","airport":"ORY","parking":"118"}'
flightboard,QDR1135,2020-04-20T16:00:00.000+02:00,'{"info":"actual","move":"departure","flight":"QDR1135","airport":"NCE","date":"20/04","time":"16:00","parking":"29C"}'
parking,29C,2020-04-20T16:00:00.000+02:00,'{"info":"parking","move":"available","flight":"QDR1135","airport":"NCE","parking":"29C"}'
flightboard,DOP1183,2020-04-20T16:01:00.000+02:00,'{"info":"planned","move":"departure","flight":"DOP1183","airport":"HER","date":"20/04","time":"16:35","parking":"124"}'
parking,41E,2020-04-20T16:02:33.903+02:00,'{"info":"parking","move":"busy","flight":"PDK1282","airport":"NCL","parking":"41E"}'
flightboard,CUR1296,2020-04-20T16:08:00.038+02:00,'{"info":"actual","move":"arrival","flight":"CUR1296","airport":"OTP","date":"20/04","time":"16:08","parking":"128"}'
flightboard,PKU1326,2020-04-20T16:08:35.273+02:00,'{"info":"planned","move":"arrival","flight":"PKU1326","airport":"NWI","date":"20/04","time":"17:23","parking":"29"}'
parking,128,2020-04-20T16:10:33.903+02:00,'{"info":"parking","move":"busy","flight":"CUR1296","airport":"OTP","parking":"128"}'
flightboard,QVF1273,2020-04-20T16:12:00.000+02:00,'{"info":"planned","move":"departure","flight":"QVF1273","airport":"GRV","date":"20/04","time":"18:02","parking":"43"}'
flightboard,PVF1268,2020-04-20T16:12:00.094+02:00,'{"info":"actual","move":"arrival","flight":"PVF1268","airport":"LIN","date":"20/04","time":"16:12","parking":"43"}'
flightboard,PBL1340,2020-04-20T16:15:30.559+02:00,'{"info":"planned","move":"arrival","flight":"PBL1340","airport":"KZN","date":"20/04","time":"17:16","parking":"27"}'
parking,43,2020-04-20T16:16:05.254+02:00,'{"info":"parking","move":"busy","flight":"PVF1268","airport":"LIN","parking":"43"}'
flightboard,DJK1201,2020-04-20T16:20:00.000+02:00,'{"info":"planned","move":"departure","flight":"DJK1201","airport":"HRK","date":"20/04","time":"17:01","parking":"G5"}'
flightboard,DYA1221,2020-04-20T16:21:00.000+02:00,'{"info":"actual","move":"departure","flight":"DYA1221","airport":"ODS","date":"20/04","time":"16:21","parking":"K11"}'
parking,K11,2020-04-20T16:21:00.000+02:00,'{"info":"parking","move":"available","flight":"DYA1221","airport":"ODS","parking":"K11"}'
flightboard,DJW1311,2020-04-20T16:24:00.000+02:00,'{"info":"planned","move":"departure","flight":"DJW1311","airport":"DME","date":"20/04","time":"18:04","parking":"124"}'
flightboard,CJW1306,2020-04-20T16:24:00.094+02:00,'{"info":"actual","move":"arrival","flight":"CJW1306","airport":"HAJ","date":"20/04","time":"16:24","parking":"124"}'
flightboard,DJJ1161,2020-04-20T16:25:00.000+02:00,'{"info":"actual","move":"departure","flight":"DJJ1161","airport":"OTP","date":"20/04","time":"16:25","parking":"54"}'
parking,54,2020-04-20T16:25:00.000+02:00,'{"info":"parking","move":"available","flight":"DJJ1161","airport":"OTP","parking":"54"}'
parking,124,2020-04-20T16:25:35.273+02:00,'{"info":"parking","move":"busy","flight":"CJW1306","airport":"HAJ","parking":"124"}'
flightboard,DUT1261,2020-04-20T16:29:00.000+02:00,'{"info":"planned","move":"departure","flight":"DUT1261","airport":"EMA","date":"20/04","time":"17:14","parking":"116"}'
flightboard,CKV1390,2020-04-20T16:30:33.982+02:00,'{"info":"planned","move":"arrival","flight":"CKV1390","airport":"BFS","date":"20/04","time":"17:37","parking":"112"}'
flightboard,QDK1291,2020-04-20T16:32:00.000+02:00,'{"info":"planned","move":"departure","flight":"QDK1291","airport":"ORY","date":"20/04","time":"17:18","parking":"41E"}'
flightboard,CUQ1380,2020-04-20T16:32:35.273+02:00,'{"info":"planned","move":"arrival","flight":"CUQ1380","airport":"EIN","date":"20/04","time":"17:50","parking":"60E"}'
flightboard,CZY1372,2020-04-20T16:35:30.559+02:00,'{"info":"planned","move":"arrival","flight":"CZY1372","airport":"BOJ","date":"20/04","time":"17:50","parking":"53E"}'
flightboard,DOP1183,2020-04-20T16:42:00.000+02:00,'{"info":"actual","move":"departure","flight":"DOP1183","airport":"HER","date":"20/04","time":"16:42","parking":"124"}'
parking,124,2020-04-20T16:42:00.000+02:00,'{"info":"parking","move":"available","flight":"DOP1183","airport":"HER","parking":"124"}'
flightboard,PPP1320,2020-04-20T16:55:00.038+02:00,'{"info":"actual","move":"arrival","flight":"PPP1320","airport":"PSA","date":"20/04","time":"16:55","parking":"29D"}'
flightboard,DUR1303,2020-04-20T17:00:00.000+02:00,'{"info":"planned","move":"departure","flight":"DUR1303","airport":"KRK","date":"20/04","time":"17:55","parking":"128"}'
parking,29D,2020-04-20T17:00:31.397+02:00,'{"info":"parking","move":"busy","flight":"PPP1320","airport":"PSA","parking":"29D"}'
flightboard,DSX1251,2020-04-20T17:03:00.000+02:00,'{"info":"planned","move":"departure","flight":"DSX1251","airport":"VAR","date":"20/04","time":"17:58","parking":"H7"}'
flightboard,QMK1367,2020-04-20T17:06:00.000+02:00,'{"info":"planned","move":"departure","flight":"QMK1367","airport":"KTW","date":"20/04","time":"18:51","parking":"29C"}'
flightboard,PMK1356,2020-04-20T17:06:00.094+02:00,'{"info":"actual","move":"arrival","flight":"PMK1356","airport":"BRS","date":"20/04","time":"17:06","parking":"29C"}'
flightboard,PIN1458,2020-04-20T17:08:05.254+02:00,'{"info":"planned","move":"arrival","flight":"PIN1458","airport":"TIA","date":"20/04","time":"18:10","parking":"41E"}'
flightboard,DJK1201,2020-04-20T17:10:00.000+02:00,'{"info":"actual","move":"departure","flight":"DJK1201","airport":"HRK","date":"20/04","time":"17:10","parking":"G5"}'
parking,G5,2020-04-20T17:10:00.000+02:00,'{"info":"parking","move":"available","flight":"DJK1201","airport":"HRK","parking":"G5"}'
parking,29C,2020-04-20T17:10:38.416+02:00,'{"info":"parking","move":"busy","flight":"PMK1356","airport":"BRS","parking":"29C"}'
flightboard,DUT1261,2020-04-20T17:13:00.000+02:00,'{"info":"actual","move":"departure","flight":"DUT1261","airport":"EMA","date":"20/04","time":"17:13","parking":"116"}'
parking,116,2020-04-20T17:13:00.000+02:00,'{"info":"parking","move":"available","flight":"DUT1261","airport":"EMA","parking":"116"}'
flightboard,QVF1273,2020-04-20T17:19:00.000+02:00,'{"info":"planned","move":"departure","flight":"QVF1273","airport":"GRV","date":"20/04","time":"18:08","parking":"43"}'
flightboard,QDK1291,2020-04-20T17:22:00.000+02:00,'{"info":"actual","move":"departure","flight":"QDK1291","airport":"ORY","date":"20/04","time":"17:22","parking":"41E"}'
parking,41E,2020-04-20T17:22:00.000+02:00,'{"info":"parking","move":"available","flight":"QDK1291","airport":"ORY","parking":"41E"}'
flightboard,QKU1337,2020-04-20T17:23:00.000+02:00,'{"info":"planned","move":"departure","flight":"QKU1337","airport":"SKP","date":"20/04","time":"18:53","parking":"29"}'
flightboard,PKU1326,2020-04-20T17:23:00.094+02:00,'{"info":"actual","move":"arrival","flight":"PKU1326","airport":"NWI","date":"20/04","time":"17:23","parking":"29"}'
flightboard,PJZ1416,2020-04-20T17:24:04.037+02:00,'{"info":"planned","move":"arrival","flight":"PJZ1416","airport":"FAO","date":"20/04","time":"18:26","parking":"29D"}'
flightboard,QBL1345,2020-04-20T17:26:00.000+02:00,'{"info":"planned","move":"departure","flight":"QBL1345","airport":"KTW","date":"20/04","time":"18:46","parking":"27"}'
flightboard,PBL1340,2020-04-20T17:26:00.094+02:00,'{"info":"actual","move":"arrival","flight":"PBL1340","airport":"KZN","date":"20/04","time":"17:26","parking":"27"}'
parking,29,2020-04-20T17:27:35.273+02:00,'{"info":"parking","move":"busy","flight":"PKU1326","airport":"NWI","parking":"29"}'
flightboard,DQF1233,2020-04-20T17:28:00.000+02:00,'{"info":"planned","move":"departure","flight":"DQF1233","airport":"ABZ","date":"20/04","time":"18:08","parking":"118"}'
flightboard,PQA1404,2020-04-20T17:29:01.397+02:00,'{"info":"planned","move":"arrival","flight":"PQA1404","airport":"HRK","date":"20/04","time":"18:34","parking":"24"}'
parking,27,2020-04-20T17:30:30.559+02:00,'{"info":"parking","move":"busy","flight":"PBL1340","airport":"KZN","parking":"27"}'
flightboard,DJW1311,2020-04-20T17:32:00.000+02:00,'{"info":"planned","move":"departure","flight":"DJW1311","airport":"DME","date":"20/04","time":"18:23","parking":"124"}'
flightboard,PWV1468,2020-04-20T17:35:05.101+02:00,'{"info":"planned","move":"arrival","flight":"PWV1468","airport":"FFD","date":"20/04","time":"18:40","parking":"21"}'
flightboard,DKV1401,2020-04-20T17:41:00.000+02:00,'{"info":"planned","move":"departure","flight":"DKV1401","airport":"PRN","date":"20/04","time":"19:31","parking":"112"}'
flightboard,CKV1390,2020-04-20T17:41:00.038+02:00,'{"info":"actual","move":"arrival","flight":"CKV1390","airport":"BFS","date":"20/04","time":"17:41","parking":"112"}'
parking,112,2020-04-20T17:42:33.982+02:00,'{"info":"parking","move":"busy","flight":"CKV1390","airport":"BFS","parking":"112"}'
flightboard,QBL1345,2020-04-20T17:43:00.000+02:00,'{"info":"planned","move":"departure","flight":"QBL1345","airport":"KTW","date":"20/04","time":"18:46","parking":"27"}'
flightboard,CIX1432,2020-04-20T17:43:35.106+02:00,'{"info":"planned","move":"arrival","flight":"CIX1432","airport":"KZN","date":"20/04","time":"18:39","parking":"63"}'
flightboard,DZY1375,2020-04-20T17:44:00.000+02:00,'{"info":"planned","move":"departure","flight":"DZY1375","airport":"BUD","date":"20/04","time":"19:39","parking":"53E"}'
flightboard,CZY1372,2020-04-20T17:44:00.094+02:00,'{"info":"actual","move":"arrival","flight":"CZY1372","airport":"BOJ","date":"20/04","time":"17:44","parking":"53E"}'
flightboard,QPP1323,2020-04-20T17:45:00.000+02:00,'{"info":"planned","move":"departure","flight":"QPP1323","airport":"FCO","date":"20/04","time":"18:33","parking":"29D"}'
flightboard,DUQ1383,2020-04-20T17:47:00.000+02:00,'{"info":"planned","move":"departure","flight":"DUQ1383","airport":"DME","date":"20/04","time":"19:07","parking":"60E"}'
flightboard,CUQ1380,2020-04-20T17:47:00.094+02:00,'{"info":"actual","move":"arrival","flight":"CUQ1380","airport":"EIN","date":"20/04","time":"17:47","parking":"60E"}'
parking,53E,2020-04-20T17:47:00.559+02:00,'{"info":"parking","move":"busy","flight":"CZY1372","airport":"BOJ","parking":"53E"}'
parking,60E,2020-04-20T17:49:35.273+02:00,'{"info":"parking","move":"busy","flight":"CUQ1380","airport":"EIN","parking":"60E"}'
flightboard,DSX1251,2020-04-20T17:55:00.000+02:00,'{"info":"actual","move":"departure","flight":"DSX1251","airport":"VAR","date":"20/04","time":"17:55","parking":"H7"}'
parking,H7,2020-04-20T17:55:00.000+02:00,'{"info":"parking","move":"available","flight":"DSX1251","airport":"VAR","parking":"H7"}'
flightboard,CGA1446,2020-04-20T17:55:03.372+02:00,'{"info":"planned","move":"arrival","flight":"CGA1446","airport":"PDL","date":"20/04","time":"18:57","parking":"K14"}'
flightboard,DUR1303,2020-04-20T18:00:00.000+02:00,'{"info":"actual","move":"departure","flight":"DUR1303","airport":"KRK","date":"20/04","time":"18:00","parking":"128"}'
flightboard,QVF1273,2020-04-20T18:00:00.000+02:00,'{"info":"actual","move":"departure","flight":"QVF1273","airport":"GRV","date":"20/04","time":"18:00","parking":"43"}'
parking,128,2020-04-20T18:00:00.000+02:00,'{"info":"parking","move":"available","flight":"DUR1303","airport":"KRK","parking":"128"}'
parking,43,2020-04-20T18:00:00.000+02:00,'{"info":"parking","move":"available","flight":"QVF1273","airport":"GRV","parking":"43"}'
flightboard,PQU1478,2020-04-20T18:04:04.037+02:00,'{"info":"planned","move":"arrival","flight":"PQU1478","airport":"STN","date":"20/04","time":"19:13","parking":"41E"}'
flightboard,DQF1233,2020-04-20T18:08:00.000+02:00,'{"info":"actual","move":"departure","flight":"DQF1233","airport":"ABZ","date":"20/04","time":"18:08","parking":"118"}'
parking,118,2020-04-20T18:08:00.000+02:00,'{"info":"parking","move":"available","flight":"DQF1233","airport":"ABZ","parking":"118"}'
flightboard,PIN1458,2020-04-20T18:15:00.094+02:00,'{"info":"actual","move":"arrival","flight":"PIN1458","airport":"TIA","date":"20/04","time":"18:15","parking":"41E"}'
flightboard,QKU1337,2020-04-20T18:16:00.000+02:00,'{"info":"planned","move":"departure","flight":"QKU1337","airport":"SKP","date":"20/04","time":"19:19","parking":"29"}'
parking,41E,2020-04-20T18:19:05.254+02:00,'{"info":"parking","move":"busy","flight":"PIN1458","airport":"TIA","parking":"41E"}'
flightboard,DJW1311,2020-04-20T18:23:00.000+02:00,'{"info":"actual","move":"departure","flight":"DJW1311","airport":"DME","date":"20/04","time":"18:23","parking":"124"}'
parking,124,2020-04-20T18:23:00.000+02:00,'{"info":"parking","move":"available","flight":"DJW1311","airport":"DME","parking":"124"}'
flightboard,PZE1508,2020-04-20T18:27:33.982+02:00,'{"info":"planned","move":"arrival","flight":"PZE1508","airport":"TXL","date":"20/04","time":"19:34","parking":"42C"}'
flightboard,CEM1490,2020-04-20T18:29:33.982+02:00,'{"info":"planned","move":"arrival","flight":"CEM1490","airport":"POZ","date":"20/04","time":"19:44","parking":"128"}'
flightboard,QPP1323,2020-04-20T18:30:00.000+02:00,'{"info":"planned","move":"departure","flight":"QPP1323","airport":"FCO","date":"20/04","time":"18:35","parking":"29D"}'
flightboard,PJZ1416,2020-04-20T18:30:00.038+02:00,'{"info":"actual","move":"arrival","flight":"PJZ1416","airport":"FAO","date":"20/04","time":"18:30","parking":"29D"}'
flightboard,QPP1323,2020-04-20T18:31:00.000+02:00,'{"info":"actual","move":"departure","flight":"QPP1323","airport":"FCO","date":"20/04","time":"18:31","parking":"29D"}'
parking,29D,2020-04-20T18:31:00.000+02:00,'{"info":"parking","move":"available","flight":"QPP1323","airport":"FCO","parking":"29D"}'
flightboard,QMK1367,2020-04-20T18:32:00.000+02:00,'{"info":"planned","move":"departure","flight":"QMK1367","airport":"KTW","date":"20/04","time":"19:11","parking":"29C"}'
parking,29D,2020-04-20T18:35:34.037+02:00,'{"info":"parking","move":"busy","flight":"PJZ1416","airport":"FAO","parking":"29D"}'
flightboard,QBL1345,2020-04-20T18:37:00.000+02:00,'{"info":"actual","move":"departure","flight":"QBL1345","airport":"KTW","date":"20/04","time":"18:37","parking":"27"}'
parking,27,2020-04-20T18:37:00.000+02:00,'{"info":"parking","move":"available","flight":"QBL1345","airport":"KTW","parking":"27"}'
flightboard,DKV1401,2020-04-20T18:37:00.000+02:00,'{"info":"planned","move":"departure","flight":"DKV1401","airport":"PRN","date":"20/04","time":"19:27","parking":"112"}'
flightboard,DUQ1383,2020-04-20T18:37:00.000+02:00,'{"info":"planned","move":"departure","flight":"DUQ1383","airport":"DME","date":"20/04","time":"19:27","parking":"60E"}'
flightboard,QQA1409,2020-04-20T18:43:00.000+02:00,'{"info":"planned","move":"departure","flight":"QQA1409","airport":"BLQ","date":"20/04","time":"20:08","parking":"24"}'
flightboard,PQA1404,2020-04-20T18:43:00.038+02:00,'{"info":"actual","move":"arrival","flight":"PQA1404","airport":"HRK","date":"20/04","time":"18:43","parking":"24"}'
flightboard,DIX1441,2020-04-20T18:44:00.000+02:00,'{"info":"planned","move":"departure","flight":"DIX1441","airport":"BOH","date":"20/04","time":"20:39","parking":"63"}'
flightboard,CIX1432,2020-04-20T18:44:00.094+02:00,'{"info":"actual","move":"arrival","flight":"CIX1432","airport":"KZN","date":"20/04","time":"18:44","parking":"63"}'
flightboard,QWV1477,2020-04-20T18:45:00.000+02:00,'{"info":"planned","move":"departure","flight":"QWV1477","airport":"MHZ","date":"20/04","time":"20:35","parking":"21"}'
flightboard,PWV1468,2020-04-20T18:45:00.094+02:00,'{"info":"actual","move":"arrival","flight":"PWV1468","airport":"FFD","date":"20/04","time":"18:45","parking":"21"}'
parking,63,2020-04-20T18:46:35.106+02:00,'{"info":"parking","move":"busy","flight":"CIX1432","airport":"KZN","parking":"63"}'
flightboard,QJZ1423,2020-04-20T18:48:00.000+02:00,'{"info":"planned","move":"departure","flight":"QJZ1423","airport":"UFA","date":"20/04","time":"19:35","parking":"29D"}'
parking,24,2020-04-20T18:49:31.397+02:00,'{"info":"parking","move":"busy","flight":"PQA1404","airport":"HRK","parking":"24"}'
parking,21,2020-04-20T18:50:05.101+02:00,'{"info":"parking","move":"busy","flight":"PWV1468","airport":"FFD","parking":"21"}'
flightboard,DGA1451,2020-04-20T18:56:00.000+02:00,'{"info":"planned","move":"departure","flight":"DGA1451","airport":"BOD","date":"20/04","time":"20:46","parking":"K14"}'
flightboard,CGA1446,2020-04-20T18:56:00.038+02:00,'{"info":"actual","move":"arrival","flight":"CGA1446","airport":"PDL","date":"20/04","time":"18:56","parking":"K14"}'
flightboard,DZY1375,2020-04-20T18:57:00.000+02:00,'{"info":"planned","move":"departure","flight":"DZY1375","airport":"BUD","date":"20/04","time":"19:50","parking":"53E"}'
parking,K14,2020-04-20T18:59:03.372+02:00,'{"info":"parking","move":"busy","flight":"CGA1446","airport":"PDL","parking":"K14"}'
flightboard,QQU1489,2020-04-20T19:08:00.000+02:00,'{"info":"planned","move":"departure","flight":"QQU1489","airport":"POZ","date":"20/04","time":"20:23","parking":"41E"}'
flightboard,PQU1478,2020-04-20T19:08:00.038+02:00,'{"info":"actual","move":"arrival","flight":"PQU1478","airport":"STN","date":"20/04","time":"19:08","parking":"41E"}'
parking,41E,2020-04-20T19:13:34.037+02:00,'{"info":"parking","move":"busy","flight":"PQU1478","airport":"STN","parking":"41E"}'
flightboard,QKU1337,2020-04-20T19:16:00.000+02:00,'{"info":"actual","move":"departure","flight":"QKU1337","airport":"SKP","date":"20/04","time":"19:16","parking":"29"}'
parking,29,2020-04-20T19:16:00.000+02:00,'{"info":"parking","move":"available","flight":"QKU1337","airport":"SKP","parking":"29"}'
flightboard,QMK1367,2020-04-20T19:19:00.000+02:00,'{"info":"actual","move":"departure","flight":"QMK1367","airport":"KTW","date":"20/04","time":"19:19","parking":"29C"}'
parking,29C,2020-04-20T19:19:00.000+02:00,'{"info":"parking","move":"available","flight":"QMK1367","airport":"KTW","parking":"29C"}'
flightboard,DUQ1383,2020-04-20T19:31:00.000+02:00,'{"info":"actual","move":"departure","flight":"DUQ1383","airport":"DME","date":"20/04","time":"19:31","parking":"60E"}'
parking,60E,2020-04-20T19:31:00.000+02:00,'{"info":"parking","move":"available","flight":"DUQ1383","airport":"DME","parking":"60E"}'
flightboard,DKV1401,2020-04-20T19:34:00.000+02:00,'{"info":"actual","move":"departure","flight":"DKV1401","airport":"PRN","date":"20/04","time":"19:34","parking":"112"}'
parking,112,2020-04-20T19:34:00.000+02:00,'{"info":"parking","move":"available","flight":"DKV1401","airport":"PRN","parking":"112"}'
flightboard,QQA1409,2020-04-20T19:34:00.000+02:00,'{"info":"planned","move":"departure","flight":"QQA1409","airport":"BLQ","date":"20/04","time":"20:41","parking":"24"}'
flightboard,QIN1461,2020-04-20T19:35:00.000+02:00,'{"info":"planned","move":"departure","flight":"QIN1461","airport":"BLL","date":"20/04","time":"20:21","parking":"41E"}'
flightboard,QJZ1423,2020-04-20T19:36:00.000+02:00,'{"info":"actual","move":"departure","flight":"QJZ1423","airport":"UFA","date":"20/04","time":"19:36","parking":"29D"}'
parking,29D,2020-04-20T19:36:00.000+02:00,'{"info":"parking","move":"available","flight":"QJZ1423","airport":"UFA","parking":"29D"}'
flightboard,QZE1513,2020-04-20T19:36:00.000+02:00,'{"info":"planned","move":"departure","flight":"QZE1513","airport":"EXT","date":"20/04","time":"21:06","parking":"42C"}'
flightboard,PZE1508,2020-04-20T19:36:00.038+02:00,'{"info":"actual","move":"arrival","flight":"PZE1508","airport":"TXL","date":"20/04","time":"19:36","parking":"42C"}'
parking,42C,2020-04-20T19:41:33.982+02:00,'{"info":"parking","move":"busy","flight":"PZE1508","airport":"TXL","parking":"42C"}'
flightboard,DEM1499,2020-04-20T19:43:00.000+02:00,'{"info":"planned","move":"departure","flight":"DEM1499","airport":"GOT","date":"20/04","time":"21:03","parking":"128"}'
flightboard,CEM1490,2020-04-20T19:43:00.038+02:00,'{"info":"actual","move":"arrival","flight":"CEM1490","airport":"POZ","date":"20/04","time":"19:43","parking":"128"}'
flightboard,DZY1375,2020-04-20T19:45:00.000+02:00,'{"info":"actual","move":"departure","flight":"DZY1375","airport":"BUD","date":"20/04","time":"19:45","parking":"53E"}'
parking,53E,2020-04-20T19:45:00.000+02:00,'{"info":"parking","move":"available","flight":"DZY1375","airport":"BUD","parking":"53E"}'
parking,128,2020-04-20T19:45:33.982+02:00,'{"info":"parking","move":"busy","flight":"CEM1490","airport":"POZ","parking":"128"}'
flightboard,QWV1477,2020-04-20T19:47:00.000+02:00,'{"info":"planned","move":"departure","flight":"QWV1477","airport":"MHZ","date":"20/04","time":"20:36","parking":"21"}'
flightboard,QQU1489,2020-04-20T19:55:00.000+02:00,'{"info":"planned","move":"departure","flight":"QQU1489","airport":"POZ","date":"20/04","time":"20:35","parking":"41E"}'
flightboard,DGA1451,2020-04-20T20:02:00.000+02:00,'{"info":"planned","move":"departure","flight":"DGA1451","airport":"BOD","date":"20/04","time":"20:39","parking":"K14"}'
flightboard,DIX1441,2020-04-20T20:05:00.000+02:00,'{"info":"planned","move":"departure","flight":"DIX1441","airport":"BOH","date":"20/04","time":"20:58","parking":"63"}'
flightboard,DEM1499,2020-04-20T20:18:00.000+02:00,'{"info":"planned","move":"departure","flight":"DEM1499","airport":"GOT","date":"20/04","time":"21:13","parking":"128"}'
flightboard,QIN1461,2020-04-20T20:22:00.000+02:00,'{"info":"actual","move":"departure","flight":"QIN1461","airport":"BLL","date":"20/04","time":"20:22","parking":"41E"}'
parking,41E,2020-04-20T20:22:00.000+02:00,'{"info":"parking","move":"available","flight":"QIN1461","airport":"BLL","parking":"41E"}'
flightboard,QQA1409,2020-04-20T20:32:00.000+02:00,'{"info":"actual","move":"departure","flight":"QQA1409","airport":"BLQ","date":"20/04","time":"20:32","parking":"24"}'
parking,24,2020-04-20T20:32:00.000+02:00,'{"info":"parking","move":"available","flight":"QQA1409","airport":"BLQ","parking":"24"}'
flightboard,QWV1477,2020-04-20T20:33:00.000+02:00,'{"info":"actual","move":"departure","flight":"QWV1477","airport":"MHZ","date":"20/04","time":"20:33","parking":"21"}'
parking,21,2020-04-20T20:33:00.000+02:00,'{"info":"parking","move":"available","flight":"QWV1477","airport":"MHZ","parking":"21"}'
flightboard,QZE1513,2020-04-20T20:33:00.000+02:00,'{"info":"planned","move":"departure","flight":"QZE1513","airport":"EXT","date":"20/04","time":"21:11","parking":"42C"}'
flightboard,QQU1489,2020-04-20T20:36:00.000+02:00,'{"info":"actual","move":"departure","flight":"QQU1489","airport":"POZ","date":"20/04","time":"20:36","parking":"41E"}'
parking,41E,2020-04-20T20:36:00.000+02:00,'{"info":"parking","move":"available","flight":"QQU1489","airport":"POZ","parking":"41E"}'
flightboard,DGA1451,2020-04-20T20:42:00.000+02:00,'{"info":"actual","move":"departure","flight":"DGA1451","airport":"BOD","date":"20/04","time":"20:42","parking":"K14"}'
parking,K14,2020-04-20T20:42:00.000+02:00,'{"info":"parking","move":"available","flight":"DGA1451","airport":"BOD","parking":"K14"}'
flightboard,DIX1441,2020-04-20T20:58:00.000+02:00,'{"info":"actual","move":"departure","flight":"DIX1441","airport":"BOH","date":"20/04","time":"20:58","parking":"63"}'
parking,63,2020-04-20T20:58:00.000+02:00,'{"info":"parking","move":"available","flight":"DIX1441","airport":"BOH","parking":"63"}'
flightboard,DEM1499,2020-04-20T21:09:00.000+02:00,'{"info":"actual","move":"departure","flight":"DEM1499","airport":"GOT","date":"20/04","time":"21:09","parking":"128"}'
parking,128,2020-04-20T21:09:00.000+02:00,'{"info":"parking","move":"available","flight":"DEM1499","airport":"GOT","parking":"128"}'
flightboard,QZE1513,2020-04-20T21:14:00.000+02:00,'{"info":"actual","move":"departure","flight":"QZE1513","airport":"EXT","date":"20/04","time":"21:14","parking":"42C"}'
parking,42C,2020-04-20T21:14:00.000+02:00,'{"info":"parking","move":"available","flight":"QZE1513","airport":"EXT","parking":"42C"}'
